review_date,review_text,review_rate,review_hotel,review_source,expectation
2023-10-23,住了 6 個晚上，房間非常安靜，甚至面向街道，遮光窗簾很好，空調效果很好，包含早餐，很喜歡這個選擇。我們有一天晚上在這裡吃了晚餐，也很喜歡這裡的選擇。服務非常好，女僕服務很友好，叫出租車很棒，餐廳服務友好而快速。這只是一次真正愉快的經驗。很高興再次入住,5,老爺大酒店,Google,5.0
2023-10-23,Nikko飯店從入住開始到退房服務都很專業、且態度超和善。 非常感謝housekeeper把房間整理的乾乾淨淨、我們可以很放心的入住。,5,老爺大酒店,Google,5.0
2023-10-23,這家飯店對其位置、服務和客房非常滿意。,5,老爺大酒店,Google,5.0
2023-10-23,我於 2023 年 10 月 19 日至 22 日與媽媽一起入住 很棒的團隊真的很有幫助，尤其是 10 月 22 日值夜班的團隊，非常感謝他們幫忙搬運行李、東西等，強烈推薦，會再入住👍👍👍👍👍,5,老爺大酒店,Google,5.0
2023-10-20,位於中心位置，步行即可到達地鐵站和購物區。 更重要的是永遠細心的工作人員和卓越的服務（除了麵包店女士……她還不錯，但對推薦等不是很有幫助） 房間寬敞，寢具超級舒適，浴室設施齊全，足以滿足大多數女士的需求 強烈推薦,5,老爺大酒店,Google,5.0
2023-10-18,服務態度第一是住過台灣飯店最優秀的，貼心細膩另人感動。近年整修過的老爺住起來也是乾淨舒適，會再回來住宿。 2023/8/28 的住宿經驗扣分 晚班櫃檯女態度令人不悅，隔日早餐裡的女眼鏡服務生無視我手上一盤食物從我面前趕先閃了過去還一副臭臉，跟現場女主管說了情況只說會在了解。 怎麼老爺最值得稱許的優點印象大扣分了！,5,老爺大酒店,Google,5.0
2023-10-24,偉大的,5,台北晶華酒店,Google,5.0
2023-10-24,🔅實際住宿日期：2023/07/21一晚 *照片未經允許請勿轉載&商業使用 ▪️豪華客房 45㎡ 💰訂房網站訂房 $6000多 早餐：栢麗廳自早餐 $880+10% /客 有些圖是 雲天露臺家庭房 65㎡ （價格不知，是其他家人的房間） 第一次入住晶華，是因為剛好隔天要來參加親戚的家聚，因為有點久沒住飯店了，外加也不是我付錢（？）就簡單介紹就好。 終於住到金鑰匙🔑整體來說就是蠻舒服簡單的，不會到超級華麗但也不會很單調，很喜歡有一點點沙發區空間的房型，還有一小區辦公區，廁所意外的很寬敞，杯具很美！（奇妙的細節哈哈）備品們就是正常（發現沒拍到）沐浴乳洗髮精為了環保已改為大瓶的。 補充一下剛入大廳可能因為剛好遇到入住巔峰時期，左右邊的櫃檯完全不知道要排哪個才對，可能我看起來很像不知道跟著誰哪團的所以沒有被指引到，排了（等了）20分鐘左右才有人指引我到正確的排隊位置。可能因為心情很好所以也沒覺得怎樣，不過確實一開始排隊動線很亂。 聽說他們家行政酒廊不錯，但目前沒什麼涉略，以上供參考。,5,台北晶華酒店,Google,5.0
2023-10-24,全台灣最令人失望的星級飯店 深夜無故停電，甚至有其他人被困在漆黑的電梯裡，完全沒有任何一名飯店人員出面，要不是呼救聲被其他房的人聽到，連求救都有困難，房間內提供的緊急手電筒用不到三分鐘就沒電，緊急照明五分鐘不到也沒了。更誇張的是復電以後沒有得到任何解釋、沒有任何補償。查過新聞才發現原來跳電早已不是難得的事 回到飯店本身，入住雙人豪華房，雙人床竟然是兩張單人床合併在一起偽裝而成的...超級傻眼。被子非常薄，但房內沒有其他任何備用被，我還以為在隔壁馬偕住院。 電視收訊狀況非常糟...每五秒就會頓一下，而且電視台的選擇非常少，畫面還不太穩定，常常會跳來跳去的。不過這些問題都不是問題，因為跳電復電以後就打不開了。 浴室雖大但不太乾淨，鏡子跟玻璃上甚至都還有明顯的抹布痕跡；馬桶設計非常奇怪，免治馬桶似乎跟馬桶本身形狀不合，導致打開馬桶蓋角度沒喬好就會自己蓋起來= =廁所裡面沒有垃圾桶，女性衛生用品要丟在大廳櫃檯嗎？馬桶沖水力道跟整個住房體驗一樣，爛到不行。 最後講餐點，從頭到尾感受到被差別待遇的用餐體驗，餐點漏做要等兩個小時，真的餓到生氣。拿回房才發現沒有提供餐具，點壽司沒提供筷子跟山葵。 總結來說，第一次來晶華你會發現原來不是花錢就可以解決問題，還會有人找很多問題給你。整間飯店漏東漏西，一點都感受不到任何用心想要做好、貼心為顧客著想的地方，不要說是五星級飯店了，說自己是台北的星級飯店都是在丟台灣的臉，不過以晶華的程度，大概只丟得起中山北路的臉。,2,台北晶華酒店,Google,5.0
2023-10-23,優點:交通方便，離捷運站跟商圈都很近，要逛街找餐廳都不難。房間蠻大的隔音也算不錯，整體整潔度維持的不錯。早餐豐盛度還不錯，有中上程度。電梯有天然鳥鳴聲，還算蠻有特色的。 缺點:使用鑰匙開門實在不太方便，走廊偏暗的狀況下很不容易開門。進出浴室的坎太高，沒有戴眼鏡的話容易不小心踢到而受傷。早餐餐廳的桌子有些沒有固定，外力一大就會移動有點危險，餐廳的沙發有些也有破損需要修整。窗簾應該採用電動方式，不然實在不容易拉起。,4,台北晶華酒店,Google,5.0
2023-10-23,自助餐點種類多，品質優,4,台北晶華酒店,Google,5.0
2023-10-23,慶生聚餐，大家一致覺得菜色的種類太少，選擇性不多，cp 值太低！,3,台北晶華酒店,Google,5.0
2023-10-22,萬聖節快樂～,5,台北晶華酒店,Google,5.0
2023-10-22,萬聖節快樂 大廳糖果車,5,台北晶華酒店,Google,5.0
2023-10-22,萬聖節快到了～帶家裡小朋友來住宿 看到有糖果餐車小朋友超級開心 還有漂亮小姊姊很熱心的幫我們介紹 超棒！,5,台北晶華酒店,Google,5.0
2023-10-22,萬聖節快樂,5,台北晶華酒店,Google,5.0
2023-10-22,棒棒棒✌️,5,台北晶華酒店,Google,5.0
2023-10-22,Happy Halloween 精緻的萬聖節裝飾,5,台北晶華酒店,Google,5.0
2023-10-22,服務好 人又漂亮 vivi 讚,5,台北晶華酒店,Google,5.0
2023-10-22,Happy Halloween ~ 很熱心的接待小姊姊,5,台北晶華酒店,Google,5.0
2023-10-22,糖果車萬聖節快樂,5,台北晶華酒店,Google,5.0
2023-10-22,大廳糖果車 萬聖節🎃快樂,5,台北晶華酒店,Google,5.0
2023-10-21,一桌中餐以2萬-3萬 10個人一桌 一個平均2000-3000的價位 菜色普普 服務不錯 超過水準之上,3,台北晶華酒店,Google,5.0
2023-10-21,餐點精緻美味，海陸蔬果食材都很新鮮，擺盤也很精緻，品嚐的出來師傅們制作的用心。服務人員訓練有素，不愧是五星級飯店。,5,台北晶華酒店,Google,5.0
2023-10-19,栢麗廳很好吃!,5,台北晶華酒店,Google,5.0
2023-10-18,很不錯的飯店，地下室也很多知名廠牌進駐。,5,台北晶華酒店,Google,5.0
2023-10-18,輝煌氣派不在話下 客房佈置感受貼心 自助早餐豐富滿足 (還用KEY也很趣味),5,台北晶華酒店,Google,5.0
2023-10-23,免費升級了房間，服務非常好。房間主要裝潢比較新，但是地毯有點舊。飯店距離西門町和101 10分鐘車程。,4,亞都麗緻大飯店,Google,4.0
2023-10-23,房間乾淨，設計舒適。這家酒店為客人提供了最好的休息。總的來說這是一次很棒的體驗。 地點：可以從地鐵站步行…考慮到需要拖著行李在不平坦的步道上上下移動，請搭乘計程車或私人計程車。,5,亞都麗緻大飯店,Google,4.0
2023-10-22,靠近松山機場，約2公里。 電視下方有一個 HDMI 端子，方便連接。另外，LAN 電纜從電視背面引出，因此我無需攜帶電纜即可連接。透過 HDMI 連接時無需電纜,5,亞都麗緻大飯店,Google,4.0
2023-10-22,很棒的酒店,5,亞都麗緻大飯店,Google,4.0
2023-10-24,基本上可以的,4,台北福華大飯店,Google,4.6
2023-10-23,今天晚上謝謝台北福華飯店三樓江南春餐廳的服務人員曲淑雯、于亞蕾、趙姵怡、林俊甫、王姵晴、黃婕安、陳熙傑、孫翊棋的貼心、細膩的服務。,5,台北福華大飯店,Google,4.6
2023-10-23,Henry和Daniel非常熱心幫忙尋找落在計程車裡的手機,5,台北福華大飯店,Google,4.6
2023-10-23,Peter 和 Ben 對說話能力有限的乘客非常關心和樂於助人,4,台北福華大飯店,Google,4.6
2023-10-23,Jason和Jeff在大雨中非常樂於助人接計程車,5,台北福華大飯店,Google,4.6
2023-10-23,John Huang 从进酒店大堂到进客房服务都很贴心，nice！ (由 Google 提供翻譯) John Huang 從進飯店大廳到進客房服務都很貼心，nice！,5,台北福華大飯店,Google,4.6
2023-10-23,明明備註不要邊間，飯店也答應了，但當天就特別選邊間的位置給我們唷！ 然後早餐明明寫到10:30，但10點就開始收了，中間還不斷催促收盤子，讓人整個沒有度假的感覺，新竹的福華也住過，就不會有這樣的感受，唯一優點大概是停車位很多。,1,台北福華大飯店,Google,4.6
2023-10-22,讚到爆！,5,台北福華大飯店,Google,4.6
2023-10-22,十月份在台北福華飯店与家人共两间房入住12晚，这是家在心目中很不错的酒店，入住也很顺利，房间干净程度虽不如北京五星级酒店但属可接受范围内，但地毯实不敢恭维…再者酒店一楼面向仁爱路出口销售餐券处的一位小姐于十月17日中午时刻趋前请问在几楼可以饮茶，该姐们紧盯电脑头也不抬，毫无眼神接触的回答“二楼”…这种服务态度，实属失望…不吐不快 (由 Google 提供翻譯) 十月在台北福華酒店與家人共兩間房入住12晚，這是家在心目中很不錯的酒店，入住也很順利，房間乾淨程度雖不如北京五星級酒店但屬可接受範圍內，但地毯實不敢恭維…再者酒店一樓面向仁愛路出口銷售餐券處的一位小姐於十月17日中午時刻趨前請問在幾樓可以飲茶，該姐們緊盯電腦頭也不抬，毫無眼神接觸的回答「二樓」…這種服務態度，實屬失望…不吐不快,3,台北福華大飯店,Google,4.6
2023-10-21,讚,5,台北福華大飯店,Google,4.6
2023-10-20,約翰黃是很好的員工。,5,台北福華大飯店,Google,4.6
2023-10-20,房間乾淨舒適，服務人員親切，離捷運站也很近，飯店附有停車場，早餐選擇性多，用餐環境也很舒適,5,台北福華大飯店,Google,4.6
2023-10-20,房間真的有時代感了，面積不大略為壓迫，面仁愛路房間會有車輛噪音。但是服務跟餐點還是相當不錯！,4,台北福華大飯店,Google,4.6
2023-10-20,此次住宿福華大飯店，傍晚時入住， check in過程還蠻順利的。住宿空間蠻大，附帶客廳空間。雖然設備不算新穎，但乾淨整潔，十分滿意。出入門口大廳，服務生態度也非常良好，都會問候招呼。晚餐在1樓彩虹廳用餐，食物種類非常多，值得來此享用。,4,台北福華大飯店,Google,4.6
2023-10-19,霍華德飯店的約翰黃非常樂於助人。,5,台北福華大飯店,Google,4.6
2023-10-19,傳統老牌飯店，餐廳很好吃,5,台北福華大飯店,Google,4.6
2023-10-19,很普通的下午茶,5,台北福華大飯店,Google,4.6
2023-10-19,賓至如歸,5,台北福華大飯店,Google,4.6
2023-10-19,"久違了....,福華飯店彩虹廳，今日太座不開伙，異口同聲說去福華，今晚搬火山來到取餐桌抬，看上去不知如何下手..... 飯店吳副理簡單推薦從南洋辣椒螃蟹開始下手到美式正統烤牛肉....鐵板鮑魚烤大蟹...再來幾杯wine.到甜點沙拉餐抬。 幾番紅酒run過，再次巧遇吳副理，介紹今日現場鮪魚餐抬，嚐鮮幾盤.... Thank‘s again卡密拉。",5,台北福華大飯店,Google,4.6
2023-10-19,餐廳中庭的服務員：吳副理服務態度與好料理也不錯吃,5,台北福華大飯店,Google,4.6
2023-10-19,停車方便，餐點豐富好吃，座位舒適，環境氛圍佳，會再度光臨,5,台北福華大飯店,Google,4.6
2023-10-18,友善的酒店。位置很棒。工作人員鮑里斯很好而且樂於助人。,4,台北福華大飯店,Google,4.6
2023-10-18,一入住就被告知免费升等房间，虽然只入住一天，但感受还是不错，上个评论，柜台徐小姐介绍饭店也非常详细，整体8 out of 10 (由 Google 提供翻譯) 一入住就被告知免費升等房間，雖然只入住一天，但感受還是不錯，上個評論，櫃檯徐小姐介紹飯店也非常詳細，整體8 out of 10,5,台北福華大飯店,Google,4.6
2023-10-18,江南春一鴨六吃好豐富,5,台北福華大飯店,Google,4.6
2023-10-23,這次選101市景房 但房型挺普通,3,台北W飯店,Google,3.8
2023-10-22,這個環境（住宿、餐飲）都蠻不錯的.感覺很好…我是去32F吃 烤鴨+紅酒…真棒呀…服務員招待週到親切溫柔…師父切鴨技術一級棒料理又好…會在還滴…感謝,5,台北W飯店,Google,3.8
2023-10-21,預訂了一間“很棒的套房”，它當然沒有讓人失望，住宿環境簡直太棒了，可以看到台北 101 大樓的壯麗景色。位置很好，距離捷運站只有幾米遠。唯一的小抱怨是早餐服務——總體來說非常混亂，食物有點令人失望。,5,台北W飯店,Google,3.8
2023-10-20,非常感謝勞倫斯和伊芙琳協助我們完成 Fan Tuan 早餐捲餅任務🤩，你們讓一個飢腸轆轆的男人和他的妻子非常高興。抱歉沒有照片，因為我們吃太快了。你是最棒的，給這些人加薪！！萊斯和母雞 xxx,5,台北W飯店,Google,3.8
2023-10-19,我最喜歡的酒店之一，房間又大又漂亮，可以欣賞到城市的壯麗景色。他們的床和枕頭非常舒適，浴室也很棒。飯店的位置很棒，步行即可到達購物中心、餐廳和酒吧。轉角處還有一個火車站，出遊非常方便。,5,台北W飯店,Google,3.8
2023-10-19,飯店門口人員素質低落 尤其是門口那位刺青的 對人講話很沒水準 完全不懂為什麼五星級飯店會請他，門口是重要門面，麻煩飯店深思熟慮門口人員的選擇，以免照成更大的損失，本來對刺青的人完全沒意見，但這位刺青的先生完全就是那種會讓人覺得沒水準 原來刺青的人的水平也就那樣。 期望下次去不要再看到那位先生了，看一次不舒服一次。,1,台北W飯店,Google,3.8
2023-10-18,Amazon辦活動順便轉轉,4,台北W飯店,Google,3.8
2023-10-18,如果沒有提到的話，今天的雞尾酒就像水一樣。品質不怎麼樣，絕對不值這個價格。,1,台北W飯店,Google,3.8
2023-10-24,服務、餐點、景緻都很優美，無愧它五星等級,5,台北君悅酒店,Google,3.6
2023-10-24,很好的服務,5,台北君悅酒店,Google,3.6
2023-10-23,也許是因為它的規模，它比東京更令人印象深刻。 我覺得味道不錯，但是位置在只有建築物的地方，所以不太喜歡。 我認為這對於那些能夠在高樓裡發現價值的人來說是最好的環境。,5,台北君悅酒店,Google,3.6
2023-10-23,位置很好，就在台北101旁邊。但是酒店的某些部分看起來有點過時。,4,台北君悅酒店,Google,3.6
2023-10-22,餐點口味水準之上，服務人員訓練有待加強，刀叉用過後已經沾滿黏稠醬汁但依舊接著上下一道菜。,3,台北君悅酒店,Google,3.6
2023-10-22,餐飲優質該要試試，應會上癮,4,台北君悅酒店,Google,3.6
2023-10-22,沒有看到任何鬼魂。 🤷‍♂️,5,台北君悅酒店,Google,3.6
2023-10-21,分開後 前男友說 只有在拾起我忘在副駕的丁字褲 並送往嘴裡啃咬時 他才能夠藉此安慰自己 你我之間 我並非每一次都是贏家的 所以只能慢慢回味⋯曾經與你來過的地方⋯,5,台北君悅酒店,Google,3.6
2023-10-21,非常高級的飯店,5,台北君悅酒店,Google,3.6
2023-10-21,酒店目標容易找到。,5,台北君悅酒店,Google,3.6
2023-10-21,菜色豐富 多樣化的口味 很美味,4,台北君悅酒店,Google,3.6
2023-10-20,下午茶吃到飽，很讚,5,台北君悅酒店,Google,3.6
2023-10-18,本來將近5顆星的，可惜後場print shop有1隻油膩膩的大魔王....,2,台北君悅酒店,Google,3.6
2023-10-18,挺难评价的，呵呵，好像什么都不错、可是又有点说不出来的不满意，也许是自己要求过高吧，前台服务差了那么一点点发自内心的真诚？酒店有一点旧旧的历史印记。 (由 Google 提供翻譯) 挺難評價的，呵呵，好像什麼都不錯、可是又有點說不出來的不滿意，也許是自己要求過高吧，前台服務差了那麼一點點發自內心的真誠？酒店有一點舊舊的歷史印記。,4,台北君悅酒店,Google,3.6
2023-10-24,好吃且食物很燙又即時，希望港式飲料有凍檸茶，昨天點他們說沒賣～,5,兄弟大飯店,Google,4.0
2023-10-23,碩果谨存有推車點心的好吃港式飲茶,5,兄弟大飯店,Google,4.0
2023-10-22,每日餐盒 六顆飯丸100元 很不錯 大量訂購準時送達,5,兄弟大飯店,Google,4.0
2023-10-22,物超所值的中心飯店。工作人員非常友好和樂於助人。房間乾淨、舒適、設施齊全。它絕對在我未來所有台北旅行的清單上！,4,兄弟大飯店,Google,4.0
2023-10-20,"在此用餐,除交通便利,菜色及服務,是真物超所值。",4,兄弟大飯店,Google,4.0
2023-10-19,兄弟飯店的蛋糕價格不貴又好吃,4,兄弟大飯店,Google,4.0
2023-10-19,公司聚餐選擇兄弟飯店梅花廳，我們公司一向會提前預訂餐點，也會提前跟餐廳溝通桌菜菜單調整，都是希望同仁有好的用餐體驗，但此次發現兄弟飯店只記原始桌菜23800（我們其實三次撥電話溝通），其他需求完全沒聽進去，我司同仁更是提前到場確認時直接否認我們有提出需求，導致有缺餐點、桌菜也沒有換到本來要換的餐點，副理處理方式敷衍，只一直說其他也很好吃，問題不是其他好不好吃，而是我們希望可以有好的體驗，不需要到場才要各種溝通協調。 我們公司聚餐多次，不論什麼價位的餐廳都有（我們中午才去吃平價日式料理，人家就跟我們配合地很好阿），多數都樂見我們積極主動提前點餐讓他們預先準備，唯獨兄弟飯店梅花廳，電話中都說好，到場全部都忘記！,2,兄弟大飯店,Google,4.0
2023-10-19,到訪中式飲茶，點心比較少款式，但近捷運站，非常方便,4,兄弟大飯店,Google,4.0
2023-10-24,隔音很不ok.電梯聲叫了一整晚不太能睡覺！ 設備有點老舊！ 不推,1,台北寒舍喜來登大飯店,Google,4.6
2023-10-24,整體來說是很好的體驗 服務態度專業 態度親切 友善。 在市中心位置一級棒 旁邊就是捷運 離台車近走路約10分鐘 附近有麥當勞 阜杭豆漿 星巴克 全聯 7-11 全家超商 台式傳統早餐店 美而美。 華山文創園區走路也不用10分鐘 逛完華山隔壁就是冠軍咖啡🏆 興波 不論是冰滴 手沖 拿鐵一定會讓你妳覺得真的跟一般喝起來的咖啡不一樣 更香醇濃郁！ 華山隔一條街 就到有台北秋葉原的3C商場 光華商場與三創數位新天地 這裡找不到的東西 大概台灣就沒有地方有了。 離學校近環境單純 周圍又有監察 立法院 行政院 相對是安全的區域。,5,台北寒舍喜來登大飯店,Google,4.6
2023-10-24,我出差時在這裡住了 3 個晚上。晚上，俱樂部酒廊需要預約，每組有50分鐘的限制，但有7到8種熱菜可供選擇，所以我認為這是一個吃便餐的好地方。還有一個帶桑拿浴室的大浴場，您可以在那裡放鬆身心。,5,台北寒舍喜來登大飯店,Google,4.6
2023-10-24,好老的喜來登酒店。游泳池很小，電視系統過時，但就價格和黃金地段而言還不錯,4,台北寒舍喜來登大飯店,Google,4.6
2023-10-23,本來以為離台北車站很近，結果也沒那麼近，步行大約需要15分鐘。 附近有 7 和 Mac，所以如果您需要任何東西也很方便。 前面就有公車站和地鐵站，所以我想你應該習慣它。,4,台北寒舍喜來登大飯店,Google,4.6
2023-10-23,2018年中午自助餐buffet990元，下午茶buffet690元，菜色很豐富又新鮮，cp值很高。 今2023年午餐1380元。 台北喜來大飯店昔稱來來大飯店，成立1981年至今40餘年，氣派豪華不解當年，值得回味的飯店。,5,台北寒舍喜來登大飯店,Google,4.6
2023-10-23,用餐餐點精緻氣氛佳👍 ….來不及拍照📸餐點吃完了🫢🫢～只剩拍到甜點🤭🤭🤭,5,台北寒舍喜來登大飯店,Google,4.6
2023-10-23,用餐環境嶄新舒適,5,台北寒舍喜來登大飯店,Google,4.6
2023-10-22,風景美,5,台北寒舍喜來登大飯店,Google,4.6
2023-10-22,停車場比較不好進出，但熱忱細心的服務人員彌補一些缺點,5,台北寒舍喜來登大飯店,Google,4.6
2023-10-21,地點優越，靠近台北車站。友善且樂於助人的員工。合理的價格。,5,台北寒舍喜來登大飯店,Google,4.6
2023-10-20,房間乾淨舒適、服務優、早餐選擇多樣化、大多以中歺為主、但整體上早餐普通、味道上得不到驚喜、交通非常方便。,5,台北寒舍喜來登大飯店,Google,4.6
2023-10-20,我覺得性價比比日本飯店差一點，但是裡面很乾淨，設施在台灣都是頂級的。我的台灣之旅很愉快。,4,台北寒舍喜來登大飯店,Google,4.6
2023-10-20,這次我們住豪華客房，這邊服務態度十分親切，也對刷卡內容講得很仔細，完全沒有一絲不耐煩，對小孩也不冷漠很親切，房間也很舒適，而且床睡起來真的太舒服了，17樓有三溫暖 游泳池 健身房 可以使用😃,5,台北寒舍喜來登大飯店,Google,4.6
2023-10-19,傳統高級老飯店格局，房間鏡子很多，但蠻乾淨的，整體安靜高雅，比較適合商務住宿。地下停車場偏小及擁擠。雖然有親子設施但非親子房顧客須付費，兩大一小1000元。公設結束時間也蠻早的，房間mini bar都要收費，吹風機小隻又普通，行政酒廊也限特定房型，不太適合家庭或度假住宿。,3,台北寒舍喜來登大飯店,Google,4.6
2023-10-18,我出差住了3天。 我度過了一段舒適的時光。 這家旅館好像不需要給鋪床之類的小費。 我把它留在那裡但沒有收到。 早餐是唯一的一餐，但品種很豐富。 味道也很好吃。 也是在日本，所以一定程度上可以聽懂日語，所以不用擔心。,5,台北寒舍喜來登大飯店,Google,4.6
2023-10-24,地點很方便的飯店，就在台北車站附近，來台北玩，想說找個交通方便的地方，價格也合理，高樓風景也不錯，缺點就是房間比較老舊。,4,台北凱撒大飯店,Google,4.4
2023-10-23,在這家酒店獲得了很好的體驗。尤其是接待櫃檯的Alan，他熱忱的工作態度令人十分讚賞。不過，客房服務還有進步的空間。就像有一次我想加熱一些食物，但他們沒有幫助，因為這是一家五星級飯店，所以應該得到這種服務。不管怎樣，房間舒適乾淨，廁所裡有兩個水龍頭，非常寬敞！不錯的酒店，繼續努力！旁邊也有很多全家便利商店~還有健身中心和泳池區也很滿意。,5,台北凱撒大飯店,Google,4.4
2023-10-23,位置地點很好 服務也不錯 唯一的缺點是冷氣真的很難調整 一回太冷一會又很悶,5,台北凱撒大飯店,Google,4.4
2023-10-22,飯店位置◎ 除此之外，房間是套房，但感覺很小，設施陳舊，淋浴下水道從第一天就堵塞了，從房間裡可以看到台北車站，位置也不錯，但除此之外？就是這樣的感覺。 上面說有日本工作人員，但我不知道我住的5天他們是否在那裡？ 飯店周圍有很多餐廳和按摩院，附近也有便利商店，幾乎是直通車站的。 但下次我會選擇另一家酒店。,3,台北凱撒大飯店,Google,4.4
2023-10-22,地點便利，與車站直接相連。客房清潔度不錯，但如果你關掉房間裡的主燈，床頭的電源也會關閉，所以你可以透過關掉部分燈來為手機充電，而不是關掉房間燈。 我不知道第一天會發生什麼，所以我在浴室的插座裡為手機充電。 前台的貨幣兌換根據工作人員的不同而有所不同，因此在銀行或ATM機上兌換現金可能會更快。如果您不介意花時間，但擔心安全，請選擇飯店。,3,台北凱撒大飯店,Google,4.4
2023-10-21,飯店與台北車站直接相連，推薦給搭乘火車出行的客人。 雖然大樓很舊，但是價格合理，而且有禮賓部，所以我認為這是一家方便的酒店。,5,台北凱撒大飯店,Google,4.4
2023-10-21,這是我第一次去台灣。我在agoda上預訂了Metropolis Twin，但我想看看是否有浴缸，所以我直接給酒店發了郵件，得到了一間帶浴缸的房間。謝謝你！ 房間裡的壁紙有些地方有點破損，但是很乾淨、寬敞。廁所有衛洗麗。每天也進行清潔工作。我逛累了回來，玩得很開心。 您可以繼續使用智慧型手機充電器和吹風機等電器。 如果床邊有一個插座就更好了。 我必須插入卡片鑰匙才能搭電梯到我的房間，但有時反應不太好。 對於吸煙者來說，有一個屋頂花園，有活潑的植物，可愛的長尾小鸚鵡（和海龜），美麗的夜景，並且可以吸煙，所以我每天早上和晚上都使用它。 飯店好像有一家好吃的餐廳，所以好像有很多人只是在那裡吃飯。這次沒有包含早餐的計劃，所以想找個時間試試看。 位置非常方便。離開飯店時，您可以從飯店的地下室輕鬆前往台北車站。 然而，當我們回到酒店時，我們總是在台北車站的地下商場迷路💦M6是酒店附近的出口，但即使看地下商場樓層地圖，我們也找不到清楚，迷路了。 （這30分鐘就浪費了…） 請前往高架資訊牌上的忠孝西路。您將到達M6出口。 附近還有新光三越和便利商店，方便購物。 這是一家很棒的飯店，是個非常有趣的台灣之旅的大本營！我還想用它。,5,台北凱撒大飯店,Google,4.4
2023-10-21,地理位置佳，但對於房間設施有點失望，在訂房網訂房，詳細看過房間設施的簡介，才訂房的，入住時才被告知因房間翻新，所以沒有浴缸。且冰箱不會冰，吹風機風速很小，吹頭髮需要較久的時間。,3,台北凱撒大飯店,Google,4.4
2023-10-21,交通便利，週邊商業設施、旅遊設施近在咫尺。 衛洗麗是日本人的專屬👍,4,台北凱撒大飯店,Google,4.4
2023-10-20,房間還算乾淨，地點靠近火車站也方便。 但是早餐餐點不好，而且服務品質略待改進，尚未結束用餐且桌上牌子未翻至結束用餐，取餐回來位置已經被整理乾淨要給下一組客人，整個無言。,4,台北凱撒大飯店,Google,4.4
2023-10-19,位置便利，靠近台北車站，可通往所有各種交通方式...漂亮而舒適，房間裝飾感覺有點過時，但總體來說維護工作很認真。附近有很多食物選擇。不錯的選擇，感謝我的妻子選擇了一個好地方！,3,台北凱撒大飯店,Google,4.4
2023-10-18,"外國人需要額外付費,欺負老人家吃飯,又舊又 在辦理入住手續時，他們提出了一些瘋狂的價格規則，即沒有台灣身分證的外國人每晚必須額外支付約 25 美元。這絕對是瘋狂的，因為我們已經支付了房間費用，而且房間實際上已經準備好了。由於不允許取消預訂，我們被迫支付每晚的額外費用，否則將無處住宿。這些「潛規則」和收費，明顯是飯店為了佔便宜、欺負老年人而設計的。 最重要的是，飯店的一切都超級舊，感覺不太乾淨。",1,台北凱撒大飯店,Google,4.4
2023-10-18,很棒的酒店，位於鎮上的一個好地方。我想提一下登記櫃檯的艾琳，她的工作非常樂於助人且專業。,5,台北凱撒大飯店,Google,4.4
2023-10-22,牛肉真的不錯吃 服務生臉臭的可以，請她拿個杯子拿半天還要再次提醒。,5,台北美福大飯店,Google,5.0
2023-10-21,服務&設備&餐飲品質跟其價格有對等 很用心維持的飯店,5,台北美福大飯店,Google,5.0
2023-10-20,全家人下午茶吃到飽，居然6歲的小孫女，要收成人的餐費，心情很不舒服,3,台北美福大飯店,Google,5.0
2023-10-20,下午茶 菜色穩定沒問題 內場服務沒問題 個人用餐當日確定用餐客人自動排隊並無混亂問題 但是若貴餐廳希望客人排隊入場時 有固定動線 請使用 紅龍柱 或盡快帶位消化人潮 而不是叫一個年輕女生同仁跑來叫排隊的幾個老人家 走過來到她手指的地上 甚麼向後轉 臉看那邊 甚麼隊伍要折起來? 甚麼新規定嗎 以前來也沒這樣! 聽得一頭霧水 幾個殷實的老人家手足無措 好像自己做錯甚麼事情 最後入場速度也沒有加快 大家是付費來用餐的 並不是來領免費愛心便當的 還請多尊重顧客感受,5,台北美福大飯店,Google,5.0
2023-10-20,寬敞舒適,4,台北美福大飯店,Google,5.0
2023-10-18,僅在電話訂房過程中，感到滿滿的不耐與不友善。 1.第一次詢問訂房組，給了錯誤訊息，指引購買錯誤票券，員工對飯店房型似很不熟悉。 2.第二次訂房組邱先生覆電，語氣冷淡至極，回應僅像唸稿不斷重複 3.第三位小姐稍好些，僅微冷，讓人懷疑這飯店是剛集體受罰或....？ 與友人討論決定再去文華東方，從此拒絕往來，ㄧ家飯店能在訂房過程即讓人卻步，也不容易。,1,台北美福大飯店,Google,5.0
2023-10-23,謝謝值班經理Kent熱情服務 與安排！ 以及謝謝服務中心接待人員！從一下車就被熱情服務。 值得被表揚,5,台北遠東香格里拉,Google,4.6
2023-10-23,午餐千層糕有小蟲子，環境、服務、餐點都不錯，但衛生需加強 雖說難免，但以這個價位還出現蟲子在糕點上，實在有些說不過去,1,台北遠東香格里拉,Google,4.6
2023-10-23,10/21吃午餐後坐飯店前的排班計程車，下車時迷糊把手機忘在車上。 謝謝運將老闆幫忙把手機送回一樓櫃檯、謝謝大廳前檯與房務團隊幫忙用心保管。 讓手機裡充滿快樂回憶的照片能保留下來。由衷感謝您們給予我的幫助。❤️❤️❤️❤️❤️,5,台北遠東香格里拉,Google,4.6
2023-10-19,這是我第一次入住你們的酒店，這是迄今為止最好的體驗。房間完美無瑕！非常乾淨、非常舒適、寬敞。每次我打電話叫客房服務，無論是要冰塊還是洗衣，一切都以如此專業和高度細心的方式完成。所有的工作人員都很友善並隨時準備提供幫助。,5,台北遠東香格里拉,Google,4.6
2023-10-18,這個地方很危險。我年邁的母親摔倒了，腳踝受傷了。他們非常無助，我們實際上被告知她不是第一個摔倒的人。當我們建議他們豎起一個牌子說「小心腳下」時，他們開始與我們爭論。不會再回去了。請各位長輩留意，以免他們跌倒在這個地方。 更新** 經過反覆討論，他們同意支付我母親的醫療費用，並提供額外的 2 晚住宿。 入口處的路邊是要注意的地方。這是一個非常低的路邊，用紅膠帶標記......旁邊是紅地毯。,1,台北遠東香格里拉,Google,4.6
2023-10-22,地點好離捷運站走路三分鐘，房間清潔乾淨也不會有菸味，熱水出水量也大，雖然有歷史不是設備很新的旅館，但算很乾淨，床墊枕頭棉被也好睡,5,三德大飯店,Google,5.0
2023-10-22,不愧是蔣介石招待所啊！ ️ 古老也很有吸引力。房間很現代。早餐有點令人失望。沒有什麼特別的地方，和其他飯店沒有太大差別。每個細節都得到照顧。,4,圓山大飯店,Google,5.0
2023-10-22,這是我第一次來台灣旅行，對建築的規模和室內設計感到驚訝。我喜歡陽台的大小和美麗的夜景。,5,圓山大飯店,Google,5.0
2023-10-21,歷史悠久,5,圓山大飯店,Google,5.0
2023-10-21,很有特色的飯店，有古早味，裡面的狀況還保持的不錯，以後有機會再來光顧,5,圓山大飯店,Google,5.0
2023-10-21,服務熱情 餐點精緻 古色古香 眺望大台北,5,圓山大飯店,Google,5.0
2023-10-21,飯店維護不錯，房間環境也很好，可惜床好硬啊！,4,圓山大飯店,Google,5.0
2023-10-20,服務親切，環境優雅，有歷史軌跡。,4,圓山大飯店,Google,5.0
2023-10-20,真的好漂亮 但天氣不好沒看到101,5,圓山大飯店,Google,5.0
2023-10-20,🅿️停車費一小時80元，半小時內離場免費 （住房不需停車費） 身為一個喜歡老飯店的台北人 週末常常開車或搭接駁車來圓山 喝杯珍奶（週末限定）、拍拍照片 有時候會遇到解說台北歷史的導覽員 內容豐富，有興趣的可以報名參加,5,圓山大飯店,Google,5.0
2023-10-20,這次是間隔七年後第二次入住圓山，真的是服務不比以往，也無五星飯店應有的水準。不會再來了。 本次是透過訂房部門直接預定，但現場check in 時收的費用卻比當時報價高，反映後接待員告知但他們看到的價格就是這樣，後來還是我需要解釋過後當時訂房情況他們才去詢問訂房組及職班副理，之後才更改為正確價格。 這種價格錯誤不應該出現在五星飯店，後續也只是一句不好意思，訂房部他們價格出錯⋯ 早餐後想帶小孩到遊戲室，諮詢了服務台，人員告知接駁車一分鐘後到，需馬上上車，我們立刻到門口搭車，不料抵達後接待人員告知遊戲室還沒開⋯實在是傻眼，我們反映剛才諮詢櫃檯人員並沒有告知我們開放時間，以致我們到現場卻需要再等約40分鐘才能進去，現場人員反映後也只是跟我們說聲抱歉並說會反映回去⋯ 一大早五點左右，旁邊房間的住客大聲講話，小孩和我們都被吵醒、我們也無法睡覺了，後來退房詢問櫃台是否旁邊住了團客，查詢後告知 是的，很不好意思⋯ 不曉得是不是真的房間滿到無法將團客和一般單獨訂房住客稍做區隔，不然入住如遇到這種團體入住鄰居，尤其又要跑行程的，真的連最基本的休息時間都被打擾，真的感受很不好。 以這個平日（週四入住）七千多的房價，感覺不如當個觀光景點近來來拍拍照就好。不然付了這些費用得到的竟是這麼糟的住宿體驗，及換來一堆的不好意思⋯真的是找罪受。,2,圓山大飯店,Google,5.0
2023-10-20,好的,5,圓山大飯店,Google,5.0
2023-10-19,連假，用餐人超多的，排隊等候還得勞服務人員分梯次帶隊進場；不過秩序良好，無過多喧嘩；只是夾菜要排隊囉，好在菜色頗多的，可以分流。 山上挺涼爽的，天氣不錯夜色挺美的。 Good！,4,圓山大飯店,Google,5.0
2023-10-19,菜色非常豐富，有好吃😋吔⋯⋯和過去吃氣派的感覺差很多！推喲！,5,圓山大飯店,Google,5.0
2023-10-18,很棒,5,圓山大飯店,Google,5.0
2023-10-18,身為台灣第一間具有時代意義國際飯店，無論是在建築環境、酒店風格、服務態度等都展現出資深飯店的歷史深度。 此次住宿選擇了天際套房面市景的房間，看著台北市的白天市景及晚上的風景，即便沒有報名到歷史參訪的相關行程，光是走在圓山飯店周邊讓人覺得不虛此行 晚餐在金龍餐廳用餐，裡面的烤鴨更是讓人印象深刻，坐在窗邊一邊欣賞台北市的夜景一邊用餐，真是美食與心靈的雙重享受。 在國內住過那麼多家飯店，這次是家人長輩們最滿意的一次，顯示出圓山飯店的高CP值，推薦若要訂房，一定要訂面市景的天際套房。,5,圓山大飯店,Google,5.0
2023-10-18,古色古香。 值得一提。,4,圓山大飯店,Google,5.0
2023-10-18,距離我上次使用它已經是 40 年前的事了。 它和我記憶中一樣具有強烈的感覺和輝煌。 我會再去。,4,圓山大飯店,Google,5.0
2023-10-18,住台北的遊客第一次來圓山大飯店，印象中是老飯店，原本以為設備會老舊，但沒想到外觀、大廳、設施都沒什麼老舊，令人驚艷，這次住的是天際客房有附早餐，區域內有游泳池但與飯店有點距離，可以搭接駁車或是自己走路過去（5-10分鐘），禮拜一的早餐7點就額滿了（6點開放）種類中式居多，可頌好吃，B1有密道還有酒吧可以去，體驗還不錯,5,圓山大飯店,Google,5.0
2023-10-22,櫃檯接待的時候服務態度尚可😅 但這次住的房型還不錯 兩個人 一人一張單人床 棉被枕頭都軟軟的 剛好是我喜歡的類型 但床旁邊沒有插座 有小酌需求可以致電到櫃檯 服務人員會幫你送一桶小冰桶👍🏻,4,豪景大酒店,Google,2.8
2023-10-20,我很幸運，我得到了一個低樓層的房間，看不到河景。如果可以的話，我會花更多錢去看風景。位置靠近一座大天橋，但步行幾分鐘即可到達繁華的西門。價格實惠。,4,豪景大酒店,Google,2.8
2023-10-21,住了三晚，推薦。客房服務 游泳非常棒。 我們沒有嘗試這裡的食物所以無法發表評論。 我能發現的唯一缺點是沒有公共場所，包括大廳，您可以在那裡插入筆記型電腦並工作。,4,美麗信花園酒店,Google,5.0
2023-10-20,我度過了一段舒適的時光。工作人員也懂日語，也用地圖講解週邊的夜市。再次感謝您的幫忙。,4,美麗信花園酒店,Google,5.0
2023-10-18,工作人員非常樂於助人。廁所可以多用一點空間（座位有點小），但總的來說，很棒的飯店,5,美麗信花園酒店,Google,5.0
2023-10-23,很普通的龍蝦三明治，CP值低！,4,台北寒舍艾美酒店,Google,2.6
2023-10-23,服務好,5,台北寒舍艾美酒店,Google,2.6
2023-10-23,翡翠廳 喜宴 沒有住宿.. 住宿部份無法評論 宴會餐點 好吃 前菜都不馬乎敷衍 湯品、甜點都很棒,5,台北寒舍艾美酒店,Google,2.6
2023-10-23,環境很美，東西好吃，來台北玩一定要來這家的，有美麗的風景優美的環境，讓人有靜下心的感受也有放鬆的感受,5,台北寒舍艾美酒店,Google,2.6
2023-10-23,喂！為什麼這麼多蟑螂🪳？因為住在這附近的關係，這六年來每個月我全家都會到這家飯店聚餐，最近你們1樓的公用廁所為什麼有這麼多的蟑螂在地上爬來爬去？請問一下你們都沒有定期在做衛生消毒和檢查的工作嗎？真的很離譜！,1,台北寒舍艾美酒店,Google,2.6
2023-10-21,台北寒舍艾美酒店的好地方～與謝德亮一起參加日商在地落根十週年慶（磐石亞日）不動產股份有限公司。現場來自商界人士及忠實顧客。十年有成，祝賀邁向高峰。,5,台北寒舍艾美酒店,Google,2.6
2023-10-21,綜合而言，稱得上是五星級豪華大酒店，感覺一點都不算是「寒舍」。宴會廳頗為氣派，各層樓牆面掛的藝術品很有獨特品味，一樓正門進來即可見的迎客長頸鹿，更是道地的藝中精品。,5,台北寒舍艾美酒店,Google,2.6
2023-10-21,簡樸,5,台北寒舍艾美酒店,Google,2.6
2023-10-20,這次來寒舍艾美主持婚禮 五樓的戶外證婚好美唷！ 有一大片草地 背景的高樓+藍天白雲 真的讓人想一直拍照😍 宴會廳高挑舒適 服務人員也都很專業 非常大推👍,5,台北寒舍艾美酒店,Google,2.6
2023-10-20,非常值得再去的酒店 (由 Google 提供翻譯) 非常值得再去的飯店,5,台北寒舍艾美酒店,Google,2.6
2023-10-20,探索廚房下午茶 20231019 我以為來到探索「熱炒店」 當下反應了兩次 外場服務人員眾多其中一位需要加強訓練 1.不知道是推車問題？還是推的方式問題？ 推車行進中太吵了 太吵了 太吵了 當場也許只有我一個用餐客人反應 不代表其他用餐客人不在意。推車在我位位附近經過時 周圍其他兩三桌客人回頭去看 到底是怎麼回事那麼大聲 如果餐車有問題換餐車 如果是服務員的問題請加強訓練 別人推不會這麼大聲 為什麼就這位服務員推這麼大聲 2. 擺放餐盤 收餐盤 為什麼其他服務員不會那麼大聲 就這位服務員動作的聲音特別大聲 沒有其他客人反應不代表沒人不在意 在披薩後面補餐盤聲音大到我周圍其他人都回頭去看 比克人用餐的聲音還大聲 第一次在五星還是國際連鎖飯店用餐 被吵到 以為是在熱炒店,2,台北寒舍艾美酒店,Google,2.6
2023-10-19,北緯二十五度餐廳，吃午餐!信義區百貨公司停車場大爆滿， 還好這裡還有停車位，順便吃午餐。 人文與藝術的交織，思維與感官的激盪，品味極究人文巧思的咖啡文化、優雅午茶、與全球收藏家心中的夢想珍釀，享受生活即藝術的態度。 #難聚首,5,台北寒舍艾美酒店,Google,2.6
2023-10-19,很乾淨，房間乾淨舒適。 工作人員非常友善，有一位一半日本一半台灣的工作人員很仔細地回答了我關於按摩院的問題，非常有幫助。 我們碰巧在飯店附近的7-11碰面，儘管下班了，他還是教我如何讀懂飲料背面寫的不懂的中文。 我去過台北好幾次，每次都住不同的飯店，但我打算從下次開始每次都住這家飯店。 位置很好，就在南京復興站旁邊。,5,JR東日本大飯店台北,Google,4.4
2023-10-19,我的家人總共在這裡住了8天，對於飯店整體的服務非常滿意。房間很大且舒適。雖然位於市中心離捷運站很近但是晚上很安靜。 服務人員既親切又專業，是我這次訂這家飯店最大的驚喜。下次會再選擇這間飯店。,5,JR東日本大飯店台北,Google,4.4
2023-10-18,大浴場恨日本 有三溫暖和蒸氣室，早餐非常讚,5,JR東日本大飯店台北,Google,4.4
2023-10-18,這是我第一次入住日本飯店。 我們需要一個房間住三個人，所以住宿條件很好。 帶著老人以為是日式浴 不建議。,4,JR東日本大飯店台北,Google,4.4
2023-10-18,JR 東日本大都會飯店位於台北。在飯店內可以安心地用日文溝通。飯店很新，很乾淨，從松山機場搭乘地鐵很方便。,4,JR東日本大飯店台北,Google,4.4
2023-10-22,湯屋cp值高 唯獨沒有電梯抵達,4,北投水美溫泉會館,Google,4.0
2023-10-19,噁蟑螂垃圾飯店🪳🪳🪳慎入！🤮 三樓男士大眾湯裝潢極度簡陋老舊，雖不到真的破爛但確實毫無一點品質可言，更可怕的是，躺在浴池旁的躺椅休息，竟然還被三隻超大的蟑螂爬到身上襲擊，環境真的非常不乾淨，噁心到馬上離開，果斷退房！ 服務人員的處理態度也是令人不敢恭維，告知有蟑螂後，丟了一句：「一樓在打掃當然會有蟑螂啊」就離開了，這樣的服務品質真的是頭一次遇到！所以在你們家的溫泉泡湯遇到蟑螂已經是常態了是嗎？一句抱歉都沒有？這點危機意識都沒有還怎麼繼續營業？服務人員全部換一批好了啦！！！欠教育🤬 沒跟櫃台要求其他賠償已經很網開一面了，垃圾飯店！哪一天倒了的話我真的不意外🙄,1,北投水美溫泉會館,Google,4.0
2023-10-19,三樓大眾湯 🪳🪳🪳有三隻大蟑螂（在躺椅上） 超噁 工作人員態度又敷衍,1,北投水美溫泉會館,Google,4.0
2023-10-21,參觀了水療中心（不是作為酒店客人），非常完美！經過幾週的辛苦工作後，這裡乾淨、衛生，非常令人愉快。他們有你需要的一切——毛巾、吹風機（看起來足夠適合我濃密的頭髮）、保濕霜、人字拖、儲物櫃、一次性髮帽……他們唯一沒有的就是護髮素。我步行去那裡，那是一個相當陡峭的山坡，但我搭了班車回來，它停在北投捷運，非常方便。滿分，來自一個很難取悅的人（800 美元花得很值）。,5,北投春天溫泉酒店,Google,4.0
2023-10-20,這次購買飯店官網一泊二食 一開始有點擔心評價，後來實際蠻喜歡的 老飯店，雖然設施舊舊的，但很有懷舊感 優點真的蠻多的 1.地點方便，搭捷運轉公車10分鐘就到了2.戶外溫泉很舒服傍晚及晚上氣氛很好，溫泉有不同溫度很貼心有趣3.餐點好吃，女生吃的很飽，服務也很好，覺得整體飯店很用心對待客人,5,北投春天溫泉酒店,Google,4.0
2023-10-19,我每年都會來這裡，喜歡這裡的水、浴缸，工作人員非常友善和周到。 房間和浴室都很寬敞，我喜歡浴缸裡還有溫泉水。,5,北投春天溫泉酒店,Google,4.0
2023-10-18,相當酷的體驗 一開始感覺室外溫泉很小，但最後我花了4個小時。 被蚊子叮咬了 3 次，但維護得很好，戶外區域也很漂亮。 與任何美國儲物櫃健身室相比，儲物櫃和浴室都非常乾淨 看到評論抱怨氣味，但沒有問題或投訴 友善的員工 食物也很好吃 不錯的飯店，很高興我來了,5,北投春天溫泉酒店,Google,4.0
2023-10-23,湯屋選聽泉六坪就很夠用了，要看窗景白天來比較好，晚上玻璃變防窺很難看到外面 湯屋內格局規劃還不錯，乾區濕區分的很好，可惜冷氣會滴水 沒有附食物，進去房間前拿一些櫃檯的糖解饞 休息區的茶如果能溫溫的也許更好,4,北投日勝生加賀屋國際溫泉飯店,Google,4.8
2023-10-22,三年前大寶就在加賀屋舉辦抓周，這次二寶當然也選擇加賀屋，包廂有榻榻米讓孩子盡情的爬都不用擔心，餐點比上次更好吃，謝謝管家（主持人）君代的熱情服務，抓周唯一推薦北投加賀屋👍🏻,5,北投日勝生加賀屋國際溫泉飯店,Google,4.8
2023-10-22,接駁車在前一晚用客房電話，請櫃檯預約，櫃檯經過查詢後，回覆已經預約好了，並提醒我們提早2分鐘前往一樓等候。 剛剛離開時，接駁車到了，服務人員卻沒有我們的預約資料，表示車子已經滿了，問我們趕不趕時間，20分鐘後會開加班車。 這個已經不是趕不趕時間的問題，我有預約你們沒收到，當下就應該找車子讓我們離開，而不是問我們要不要等。 當下我們就走路離開了，這次住宿是帶著兩個小孩來體驗高級日式溫泉飯店的服務，結果換來一個失望。 本來給兩顆星，看完其他人評論，好像給太多了，再減一顆星星。,1,北投日勝生加賀屋國際溫泉飯店,Google,4.8
2023-10-22,超讚的，很有日式風,5,北投日勝生加賀屋國際溫泉飯店,Google,4.8
2023-10-21,友善的員工 適合住在飯店 早餐真的很好吃（品種不是很多，但乾淨）。 溫泉也不錯。 放鬆的感覺很好,5,北投日勝生加賀屋國際溫泉飯店,Google,4.8
2023-10-20,一到門口就感受到非常親切的服務，一位幫我們把行李拿出來並且泊車，一位帶著我們及行李進入二樓的大廳，同時簡單向我們介紹環境。 大廳櫃檯人員服務周到，辦理入住也非常便捷，緊接著我們的“管家”就會帶著我們及行李，一邊前往房間，一邊詳細介紹各樓層特色與服務。 進入房間後，管家會向我們正式自我介紹，並且詳細說明房間設施及特色，最後將聯絡服務人員的電話告訴我們（電話上面就有貼了，但還是跟我們介紹了一次👍），過程給人感受非常親切舒服，有一種不管出了什麼問題，管家都一定可以幫你解決的安全感🤣 之後印象最深刻的就是晚餐日式會席，從視覺效果到味覺體驗都讓人陶醉，中間的服務也完全不馬虎，剩下的就讓照片說話吧～ 綜合以上，我認為加賀屋已經成為我目前渡假最喜愛的地點了👍 希望未來也能夠保持品質，穩穩的經營下去，讓以後想渡假的我能再次選擇加賀屋享受時光～,5,北投日勝生加賀屋國際溫泉飯店,Google,4.8
2023-10-19,擁有高級溫泉的飯店。 預定溫泉加冰淇淋。 可以透過刷信用卡付款。,5,北投日勝生加賀屋國際溫泉飯店,Google,4.8
2023-10-18,尚未住宿就不給評價，服務的部分很棒,5,北投日勝生加賀屋國際溫泉飯店,Google,4.8
2023-10-24,泡了禅式汤屋 九十分钟的使用时间 可以两个人享用 房里空间很足 分冷热池 配有淋浴角落 化妆台 吹风筒 应有尽有 泡完汤还能到酒店咖啡厅领取小小下午茶享用 综合体验很棒 地点距离新北投站也就三分钟步行时间 很方便 (由 Google 提供翻譯) 泡了禪式湯屋九十分鐘的使用時間可以兩個人享用房裡空間很足分冷熱池配有淋浴角落化妝台吹風筒應有盡有盡有泡完湯還能到酒店咖啡廳領取小小下午茶享用綜合體驗很棒地點距離新北投站也就三分鐘步行時間很方便,5,南豐天玥泉會館,Google,3.4
2023-10-22,整體來說可以，但友善程度需改善，我們也沒講什麼話，但就是感覺員工素質好像很清高😅,3,南豐天玥泉會館,Google,3.4
2023-10-22,在這裡度過了愉快的時光！酒店維護得很好，有一種禪宗的氛圍。入住過程很順利，但在友善方面還可以做得更好。 房間雖小，但很乾淨，基本生活設施一應俱全。淋浴間甚至可以改造成蒸氣室！也喜歡直接通往房間的私人溫泉浴缸。 他們還提供多種國際插頭，因此您無需擔心使用自己的轉換器。 該位置距離火車站僅幾步之遙，即使您攜帶行李前來，也非常方便。這是一條平坦的道路，只有一個交通路口可供穿越。 早餐的選擇相當有限，但這並不是一個主要的缺點。出發前吃個快餐固然很好，但不吃也沒關係，因為你不會錯過太多東西。轉角處有許多當地餐館，晚上尤其熱鬧。 總的來說，這是一次愉快的住宿，並將再次回來！,5,南豐天玥泉會館,Google,3.4
2023-10-22,近捷運站。,5,南豐天玥泉會館,Google,3.4
2023-10-21,這裡用餐氣氛不錯,4,南豐天玥泉會館,Google,3.4
2023-10-21,二樓吃飯預定的螃蟹粥裡有包裝袋，看到之後有跟服務人員反應，但實在沒有心情繼續吃下去,2,南豐天玥泉會館,Google,3.4
2023-10-19,離捷運站很近，房間大小適中稍微老舊，乾濕分離動線奇怪，泡湯浴池無遮掩，只適合夫婦情侶入住，房間冷氣每次出入都要重開，電源那顆按鈕要很大力才有反應，早餐較為單調，沒去大眾裸湯。總體價格偏高。,4,南豐天玥泉會館,Google,3.4
2023-10-18,剛才到過－樓餐廳享用午餐，本人不清楚餐廳做法2點半要客人離開下市時段，服務員向我表明2:30後是下午茶時段，首先這裹不是提供自助餐有時段限制，第二這裹客人只有兩枱客，第三我是1:58 叫餐，吃完套餐剛好2:30，所以我再添飲咖啡，直至2:45那年紀大的女服務員，拿出下午茶餐牌，給我要求我點餐，這時候我才明白我應該要離開。她還提議我到地面咖啡廳坐，現在明白那間洒店用這種服務態度，還顯示到台灣人那白鴿眼，小器，愛七嘴八舌高談客人由來。希望遊客不要到訪。,1,南豐天玥泉會館,Google,3.4
2023-10-23,很棒的飯店，食材也好吃,5,陽明山天籟渡假酒店,Google,5.0
2023-10-23,山上空氣真的很清晰，吃飽飯後可步行散步休息一下，美中不足的是餐廳的種類選擇太少，如果能夠再更多元化一點更好（畢竟在山上買吃的超不方便）住的房間泡湯池在戶外感覺圍欄不夠高，泡在池子裡時就還好，如果是站著的話（畢竟也是要站著從沖澡的地方走進池子，因為覺得會被看到是用蹲著開拉門進去的🤣🤣）彷彿附近的高樓能夠看得到你，令人覺得有點安全度不夠,5,陽明山天籟渡假酒店,Google,5.0
2023-10-22,很不推薦！設備沒有好好維護，戶外中溫泡湯池標示的鐵架凸出（不知道是不是裝溫度計），刮傷背部！裸湯池底部有尖銳石塊，下池要注意 服務人員態度不好，尤其泡湯櫃檯接待的阿桑態度很差，可能是老員工，很不耐煩！住宿費跟泡湯券都很貴的旅館，在軟體跟硬體都不合格 總經理換了好幾任，但老客戶感受越來越糟，在這裡住宿泡湯超過十年，也住過最高檔有按摩椅的房間，但是對老顧客來說越來越失望，成長的只有價格！,1,陽明山天籟渡假酒店,Google,5.0
2023-10-19,在這裡住了 3 天。一流的設施和所有員工的優質服務。早餐種類豐富，味道鮮美。參觀了2號塔內的西餐廳，食物很棒！牛排和義大利菜一定要試試！會再回來！,5,陽明山天籟渡假酒店,Google,5.0
2023-10-18,這次入住日式套房，房間獨立溫泉的規劃，含有十分濃郁的日本風情；享受類出國的樂趣。 酒店戶外及各項室內設施，令人流連忘返。早餐食物種類豐富環境舒適。吃完早餐附近走走，沈浸在優美山中的清晨！有種遠離塵囂的舒壓心情！,5,陽明山天籟渡假酒店,Google,5.0
2023-10-24,酒店房間很大，房間內更有獨立溫泉，看着美麗的山景，願人感覺心曠神怡。同時更有露台位置可以欣賞風景。 酒店的早餐也不錯，是傳統台式料理。 房間內更設有許多水果、鳳梨酥和飲料，全部也是免費的！,5,北投麗禧溫泉酒店,Google,3.8
2023-10-23,-更新- 貴飯店的“目前”是指這禮拜才幫客人換菜？ 上禮拜入住還是這樣的情況，套餐就是給我空那麼一格服務人員也說挑掉，圓謊前先好好員工教育吧。 來住宿了第二次同樣的問題還是沒變，第二次遇到客人對食材過敏或是無法吃的食材，餐廳不是幫客人把料理換成別的而是直接挑掉，直、接、挑、掉喔，問能不能換成別的西還沒辦法，我也沒有要貪小便宜可是貴飯店價格不斐.....？早餐吃的一肚子氣。其他設施房間都是我們再度回來的原因，唯獨早餐套餐萬年不變也沒有別的選擇。,2,北投麗禧溫泉酒店,Google,3.8
2023-10-22,完美的湯屋體驗,5,北投麗禧溫泉酒店,Google,3.8
2023-10-21,服務很好，房間也很高級，離捷運站很近。,5,北投麗禧溫泉酒店,Google,3.8
2023-10-18,工作人員非常樂於助人和友好。房間也很齊全而且乾淨。,5,北投麗禧溫泉酒店,Google,3.8
2023-10-18,參加同事婚禮，觀禮處的風景很棒，拍照起來很美。餐廳餐點相較沒有什麼令人驚艷之處，但是是好吃的。,4,北投麗禧溫泉酒店,Google,3.8
